City_ID,City,Country,Date,Lat,Lng,Max Temp,Humidity,Cloudiness,Wind Speed
0,Cape Town,ZA,2021-08-12 19:16:47,-33.9258,18.4232,51.89,83,20,4.0
1,Bluff,NZ,2021-08-12 19:16:47,-46.6,168.3333,42.8,83,7,12.82
2,Busselton,AU,2021-08-12 19:16:48,-33.65,115.3333,46.09,81,57,5.73
3,Sambava,MG,2021-08-12 19:16:48,-14.2667,50.1667,70.02,89,14,7.74
4,Ishinomaki,JP,2021-08-12 19:16:48,38.4167,141.3,68.85,90,100,13.94
5,Albany,US,2021-08-12 19:16:16,42.6001,-73.9662,93.27,40,44,8.95
6,Torbay,CA,2021-08-12 19:16:49,47.6666,-52.7314,64.89,75,75,5.75
7,Chokurdakh,RU,2021-08-12 19:16:49,70.6333,147.9167,55.24,90,83,9.04
8,Kodinsk,RU,2021-08-12 19:16:50,58.6881,99.1844,58.66,83,100,2.21
9,Avarua,CK,2021-08-12 19:16:50,-21.2078,-159.775,71.65,88,75,11.5
10,Hami,CN,2021-08-12 19:16:50,42.8,93.45,85.53,18,52,7.74
11,Bure,ET,2021-08-12 19:16:51,10.7,37.0667,56.8,95,86,3.56
12,Nikolskoye,RU,2021-08-12 19:16:51,59.7035,30.7861,64.02,96,100,9.62
13,Thompson,CA,2021-08-12 19:16:40,55.7435,-97.8558,53.76,58,75,19.57
14,Vaini,TO,2021-08-12 19:16:51,-21.2,-175.2,66.36,88,20,11.5
15,Mataura,NZ,2021-08-12 19:16:52,-46.1927,168.8643,42.48,98,21,2.66
16,Tighina,MD,2021-08-12 19:16:52,46.8306,29.4711,70.57,55,0,6.53
17,Georgetown,MY,2021-08-12 19:15:11,5.4112,100.3354,82.89,84,20,1.01
18,Kaitangata,NZ,2021-08-12 19:16:53,-46.2817,169.8464,40.12,94,12,6.78
19,Rikitea,PF,2021-08-12 19:12:31,-23.1203,-134.9692,74.26,83,47,15.28
20,Lompoc,US,2021-08-12 19:16:53,34.6391,-120.4579,94.01,64,1,13.8
21,Longyearbyen,SJ,2021-08-12 19:16:53,78.2186,15.6401,46.24,81,75,13.8
22,Muisne,EC,2021-08-12 19:16:54,0.6,-80.0333,76.66,77,100,11.54
23,Alberdi,AR,2021-08-12 19:16:54,-32.8899,-60.6906,62.91,40,0,1.99
24,Ndioum,SN,2021-08-12 19:16:55,16.5129,-14.6471,103.28,21,99,7.25
25,Broome,US,2021-08-12 19:16:55,42.2506,-75.833,93.09,67,40,3.0
26,Kirakira,SB,2021-08-12 19:16:55,-10.4544,161.9205,76.08,94,100,9.69
27,Provideniya,RU,2021-08-12 19:16:56,64.3833,-173.3,39.31,75,75,2.24
28,Yellowknife,CA,2021-08-12 19:16:15,62.456,-114.3525,63.12,63,75,8.05
29,Dongsheng,CN,2021-08-12 19:16:56,39.8161,109.9776,69.73,32,29,5.08
30,Sainte-Marie,RE,2021-08-12 19:16:56,-20.8968,55.5496,69.96,88,75,6.91
31,Kodiak,US,2021-08-12 19:16:57,57.79,-152.4072,56.71,77,1,4.61
32,Ushuaia,AR,2021-08-12 19:13:02,-54.8,-68.3,49.62,76,75,32.21
33,Akdepe,TM,2021-08-12 19:16:57,42.0551,59.3788,82.49,34,0,15.21
34,Fare,PF,2021-08-12 19:16:57,-16.7,-151.0167,78.62,68,0,14.41
35,Balabac,PH,2021-08-12 19:16:58,7.9868,117.0645,81.01,82,100,6.85
36,Praia Da Vitoria,PT,2021-08-12 19:13:34,38.7333,-27.0667,76.75,85,9,22.64
37,Luderitz,NA,2021-08-12 19:16:58,-26.6481,15.1594,56.7,72,0,28.57
38,Khatanga,RU,2021-08-12 19:16:58,71.9667,102.5,42.78,94,100,5.79
39,Comodoro Rivadavia,AR,2021-08-12 19:16:59,-45.8667,-67.5,69.66,18,0,12.66
40,Celestun,MX,2021-08-12 19:16:59,20.8667,-90.4,87.4,63,26,12.68
41,Sidi Bin Nur,TN,2021-08-12 19:16:59,35.5333,10.9167,85.91,54,0,6.69
42,Atbasar,KZ,2021-08-12 19:17:00,51.8,68.3333,52.72,78,0,11.72
43,Goderich,CA,2021-08-12 19:17:00,43.7501,-81.7165,83.03,78,79,10.36
44,Verkhnevilyuysk,RU,2021-08-12 19:17:00,63.4453,120.3167,57.79,73,5,2.15
45,Port Alfred,ZA,2021-08-12 19:17:01,-33.5906,26.891,54.99,72,100,10.42
46,Udala,ES,2021-08-12 19:17:01,43.0778,-2.5125,65.89,91,99,4.29
47,Genhe,CN,2021-08-12 19:17:01,50.7833,121.5167,51.12,95,53,1.86
48,Port Hawkesbury,CA,2021-08-12 19:17:02,45.6169,-61.3485,83.91,82,20,8.05
49,Atuona,PF,2021-08-12 19:17:02,-9.8,-139.0333,77.5,70,27,18.37
50,Hambantota,LK,2021-08-12 19:17:02,6.1241,81.1185,79.66,78,100,16.11
51,San Pedro,PH,2021-08-12 19:17:03,14.35,121.0167,82.35,82,100,3.15
52,Severo-Kurilsk,RU,2021-08-12 19:17:03,50.6789,156.125,50.88,87,87,7.36
53,Sao Filipe,CV,2021-08-12 19:17:03,14.8961,-24.4956,77.29,74,32,16.53
54,Reconquista,AR,2021-08-12 19:17:04,-29.15,-59.65,61.03,30,100,9.4
55,Punta Arenas,CL,2021-08-12 19:14:12,-53.15,-70.9167,50.02,61,0,49.48
56,Batesville,US,2021-08-12 19:14:47,35.7698,-91.641,97.21,47,75,10.36
57,Barrow,US,2021-08-12 19:15:31,71.2906,-156.7887,35.62,80,90,10.94
58,Puerto Ayora,EC,2021-08-12 19:17:04,-0.7393,-90.3518,78.76,80,49,7.0
59,La Ronge,CA,2021-08-12 19:17:04,55.1001,-105.2842,61.02,44,40,16.11
60,Katherine,AU,2021-08-12 19:17:05,-14.4667,132.2667,68.32,52,7,8.05
61,Narsaq,GL,2021-08-12 19:17:05,60.9167,-46.05,64.62,60,40,4.7
62,Venezuela,VE,2021-08-12 19:17:05,8.0,-66.0,87.58,57,83,3.47
63,Tuktoyaktuk,CA,2021-08-12 19:17:06,69.4541,-133.0374,50.0,87,90,6.91
64,Klaksvik,FO,2021-08-12 19:17:06,62.2266,-6.589,54.52,90,100,12.15
65,Lata,PT,2021-08-12 19:17:06,40.1629,-8.3327,70.36,56,0,5.08
66,Khandyga,RU,2021-08-12 19:17:07,62.6667,135.6,56.55,84,14,2.44
67,Mar Del Plata,AR,2021-08-12 19:17:28,-38.0023,-57.5575,50.02,62,0,7.7
68,Sept-Iles,CA,2021-08-12 19:17:28,50.2001,-66.3821,67.24,97,90,4.0
69,Castro,BR,2021-08-12 19:17:29,-24.7911,-50.0119,52.83,92,100,7.43
70,Puerto Leguizamo,CO,2021-08-12 19:17:29,-0.1934,-74.7819,78.87,81,99,2.98
71,Lagoa,PT,2021-08-12 19:17:29,39.05,-27.9833,73.85,78,0,14.23
72,Zorgo,BF,2021-08-12 19:17:30,12.2489,-0.6158,77.47,79,100,3.71
73,Hermanus,ZA,2021-08-12 19:15:03,-34.4187,19.2345,49.89,79,90,10.8
74,Victoria,HK,2021-08-12 19:14:15,22.2855,114.1577,84.25,90,100,1.01
75,Arraial Do Cabo,BR,2021-08-12 19:17:30,-22.9661,-42.0278,71.56,78,90,11.5
76,Mahebourg,MU,2021-08-12 19:17:30,-20.4081,57.7,71.89,83,40,11.5
77,Lorengau,PG,2021-08-12 19:17:31,-2.0226,147.2712,80.62,79,89,6.2
78,Jamestown,US,2021-08-12 19:17:31,42.097,-79.2353,87.12,68,1,8.01
79,Sisimiut,GL,2021-08-12 19:17:31,66.9395,-53.6735,52.03,59,23,5.35
80,Bac Lieu,VN,2021-08-12 19:17:32,9.285,105.7244,81.09,80,100,8.32
81,Turayf,SA,2021-08-12 19:17:32,31.6725,38.6637,84.45,26,0,6.91
82,Yenagoa,NG,2021-08-12 19:17:32,4.9247,6.2642,75.56,86,45,6.13
83,High Level,CA,2021-08-12 19:17:33,58.5169,-117.136,71.71,43,20,9.22
84,Padang,ID,2021-08-12 19:17:33,-0.9492,100.3543,76.48,89,99,4.56
85,Butaritari,KI,2021-08-12 19:17:33,3.0707,172.7902,81.36,76,28,8.12
86,Chuy,UY,2021-08-12 19:17:34,-33.6971,-53.4616,51.75,69,9,7.16
87,Vihti,FI,2021-08-12 19:17:34,60.417,24.3197,62.35,89,10,3.0
88,Cedar City,US,2021-08-12 19:16:42,37.6775,-113.0619,89.4,17,1,6.91
89,Alta Floresta,BR,2021-08-12 19:17:49,-9.8756,-56.0861,98.53,15,98,5.08
90,Sibolga,ID,2021-08-12 19:17:50,1.7427,98.7792,75.58,91,100,3.29
91,Faya,SA,2021-08-12 19:17:50,18.3851,42.4509,68.11,46,100,6.42
92,Sao Joao Da Barra,BR,2021-08-12 19:17:50,-21.6403,-41.0511,71.69,78,24,13.18
93,Cherskiy,RU,2021-08-12 19:17:51,68.75,161.3,56.91,61,100,2.28
94,Fortuna,US,2021-08-12 19:17:51,40.5982,-124.1573,84.42,79,1,11.5
95,New Norfolk,AU,2021-08-12 19:17:51,-42.7826,147.0587,51.3,66,34,8.01
96,Caravelas,BR,2021-08-12 19:17:52,-17.7125,-39.2481,74.39,70,9,7.4
97,Tasiilaq,GL,2021-08-12 19:17:52,65.6145,-37.6368,51.96,70,90,3.04
98,Ulaangom,MN,2021-08-12 19:17:52,49.9811,92.0667,61.75,64,10,2.3
99,Faanui,PF,2021-08-12 19:17:53,-16.4833,-151.75,78.69,65,0,13.15
100,Wajir,KE,2021-08-12 19:17:53,1.7471,40.0573,87.19,34,100,18.99
101,Kurilsk,RU,2021-08-12 19:17:53,45.2333,147.8833,51.51,89,1,2.19
102,Sioux Lookout,CA,2021-08-12 19:17:54,50.1001,-91.917,59.07,58,90,17.27
103,Iqaluit,CA,2021-08-12 19:14:05,63.7506,-68.5145,41.43,95,100,15.95
104,Souillac,MU,2021-08-12 19:17:54,-20.5167,57.5167,71.98,83,40,11.5
105,Ambon,ID,2021-08-12 19:17:54,-3.6954,128.1814,77.14,94,40,2.3
106,Cockburn Town,TC,2021-08-12 19:17:55,21.4612,-71.1419,85.96,70,75,16.11
107,Panaba,MX,2021-08-12 19:17:55,21.2833,-88.2667,98.64,35,44,9.19
108,Bredasdorp,ZA,2021-08-12 19:17:55,-34.5322,20.0403,47.52,87,97,3.44
109,Ballesteros,PH,2021-08-12 19:17:56,18.4126,121.5152,76.86,87,100,3.87
110,Yulara,AU,2021-08-12 19:17:56,-25.2406,130.9889,42.64,52,0,5.75
111,Ketchikan,US,2021-08-12 19:17:56,55.3422,-131.6461,69.22,70,0,5.61
112,Shetpe,KZ,2021-08-12 19:17:57,44.1667,52.1167,90.63,19,61,10.18
113,Requena,ES,2021-08-12 19:17:57,39.4883,-1.1004,78.58,21,96,9.46
114,Benghazi,LY,2021-08-12 19:17:58,32.1167,20.0667,82.15,77,0,16.73
115,Ponta Do Sol,PT,2021-08-12 19:17:58,32.6667,-17.1,75.83,77,7,4.5
116,Kem,RU,2021-08-12 19:17:58,64.9555,34.5793,61.36,67,100,2.98
117,Verkhniy Avzyan,RU,2021-08-12 19:17:59,53.5289,57.5372,50.32,60,0,2.59
118,Xining,CN,2021-08-12 19:17:59,36.6167,101.7667,53.33,77,4,3.11
119,Gombong,ID,2021-08-12 19:17:59,-7.6072,109.5142,73.8,93,67,1.68
120,Bengkulu,ID,2021-08-12 19:17:59,-3.8004,102.2655,74.53,90,100,4.34
121,Cidreira,BR,2021-08-12 19:18:00,-30.1811,-50.2056,57.07,67,100,9.91
122,Cap Malheureux,MU,2021-08-12 19:18:00,-19.9842,57.6142,72.09,83,3,4.0
123,Athabasca,CA,2021-08-12 19:13:45,54.7169,-113.2854,74.46,29,92,7.7
124,Ust-Kulom,RU,2021-08-12 19:18:01,61.6864,53.6902,57.85,76,87,5.1
125,Beian,NO,2021-08-12 19:18:01,63.6559,9.5683,64.49,77,75,3.44
126,Bratsk,RU,2021-08-12 19:18:01,56.1325,101.6142,61.29,96,100,4.07
127,Karratha,AU,2021-08-12 19:18:02,-20.7377,116.8463,63.79,21,0,11.41
128,Mwanza,TZ,2021-08-12 19:18:17,-2.5167,32.9,75.15,61,74,2.59
129,The Pas,CA,2021-08-12 19:18:17,53.8251,-101.2541,59.02,47,90,16.33
130,Mathathane,BW,2021-08-12 19:18:18,-22.2687,28.7495,69.91,26,0,7.27
131,Seymour,US,2021-08-12 19:16:35,38.9592,-85.8903,95.27,60,4,7.0
132,Makakilo City,US,2021-08-12 19:18:18,21.3469,-158.0858,82.72,58,75,8.05
133,Kapaa,US,2021-08-12 19:18:05,22.0752,-159.319,82.72,68,1,1.99
134,Uglekamensk,RU,2021-08-12 19:18:18,43.2172,133.2303,52.21,95,84,3.13
135,Hamilton,US,2021-08-12 19:16:27,39.1834,-84.5333,96.42,61,40,1.99
136,Kokstad,ZA,2021-08-12 19:18:19,-30.5472,29.4241,42.69,90,100,6.29
137,Yerbogachen,RU,2021-08-12 19:18:19,61.2767,108.0108,59.2,72,95,2.64
138,Jiguani,CU,2021-08-12 19:18:20,20.3667,-76.4272,91.18,51,48,7.36
139,Walvis Bay,NA,2021-08-12 19:17:03,-22.9575,14.5053,57.09,62,3,10.36
140,Cabo San Lucas,MX,2021-08-12 19:14:19,22.8909,-109.9124,89.62,74,90,1.01
141,Hilo,US,2021-08-12 19:16:39,19.7297,-155.09,80.11,75,75,5.75
142,Manaus,BR,2021-08-12 19:17:06,-3.1019,-60.025,86.49,74,20,2.3
143,Erenhot,CN,2021-08-12 19:18:20,43.6475,111.9767,72.32,37,100,7.11
144,Teknaf,BD,2021-08-12 19:18:21,20.8624,92.3058,80.24,90,100,7.45
145,Ribeira Grande,PT,2021-08-12 19:18:21,38.5167,-28.7,75.6,83,40,16.11
146,Nanortalik,GL,2021-08-12 19:18:21,60.1432,-45.2371,46.78,79,22,11.14
147,Cayenne,GF,2021-08-12 19:16:03,4.9333,-52.3333,83.08,82,96,1.99
148,Cumana,VE,2021-08-12 19:18:22,10.4635,-64.1775,87.89,69,23,13.38
149,Alyangula,AU,2021-08-12 19:18:22,-13.8483,136.4192,71.65,76,0,11.05
150,Vila Franca Do Campo,PT,2021-08-12 19:18:23,37.7167,-25.4333,75.61,74,2,10.65
151,Taoudenni,ML,2021-08-12 19:18:23,22.6783,-3.9836,112.03,7,95,11.83
152,Bethel,US,2021-08-12 19:13:40,41.3712,-73.414,96.03,62,1,1.01
153,Saint-Philippe,RE,2021-08-12 19:18:23,-21.3585,55.7679,69.39,86,41,13.13
154,Hithadhoo,MV,2021-08-12 19:18:24,-0.6,73.0833,80.96,75,100,9.84
155,Kayseri,TR,2021-08-12 19:18:24,38.737,35.4968,68.02,73,40,1.14
156,Matara,LK,2021-08-12 19:18:24,5.9485,80.5353,78.85,84,100,10.87
157,Kahului,US,2021-08-12 19:13:40,20.8947,-156.47,83.97,64,20,18.41
158,Flin Flon,CA,2021-08-12 19:15:10,54.7682,-101.865,53.38,50,100,14.29
159,Saint-Paul-Les-Dax,FR,2021-08-12 19:18:25,43.7272,-1.0516,72.95,82,3,6.91
160,Hobyo,SO,2021-08-12 19:18:25,5.3505,48.5268,76.44,85,3,23.17
161,Saint-Leu,RE,2021-08-12 19:18:26,-21.15,55.2833,68.86,76,0,4.41
162,Lebu,CL,2021-08-12 19:18:26,-37.6167,-73.65,53.62,64,0,5.55
163,Port Moresby,PG,2021-08-12 19:18:26,-9.4431,147.1797,74.95,90,87,4.68
164,Karoi,ZW,2021-08-12 19:18:27,-16.8099,29.6925,59.5,48,0,3.09
165,Kardailovo,RU,2021-08-12 19:18:27,51.5386,53.9042,67.84,37,45,5.28
166,Grand Gaube,MU,2021-08-12 19:18:27,-20.0064,57.6608,72.0,83,3,4.0
167,Guerrero Negro,MX,2021-08-12 19:18:28,27.9769,-114.0611,89.11,48,9,4.7
168,College,US,2021-08-12 19:18:28,64.8569,-147.8028,57.18,77,75,5.75
169,San Cristobal,VE,2021-08-12 19:18:28,7.7669,-72.225,82.58,50,58,7.23
170,Tomatlan,MX,2021-08-12 19:18:29,19.9333,-105.25,89.82,57,8,4.61
171,Carnarvon,AU,2021-08-12 19:18:29,-24.8667,113.6333,44.67,34,0,6.91
172,Port Elizabeth,ZA,2021-08-12 19:18:29,-33.918,25.5701,49.1,93,90,6.91
173,Nabinagar,BD,2021-08-12 19:18:30,23.8917,90.9733,82.47,93,100,10.56
174,Puerto Quijarro,BO,2021-08-12 19:18:30,-17.7833,-57.7667,86.56,29,6,3.33
175,Port-Gentil,GA,2021-08-12 19:18:30,-0.7193,8.7815,76.93,81,94,14.83
176,Ancud,CL,2021-08-12 19:18:31,-41.8697,-73.8203,54.93,66,0,5.5
177,Ngunguru,NZ,2021-08-12 19:18:31,-35.6167,174.5,51.71,83,100,11.59
178,Tuatapere,NZ,2021-08-12 19:18:31,-46.1333,167.6833,42.82,92,13,4.41
179,Aanekoski,FI,2021-08-12 19:18:32,62.6946,25.818,61.68,100,100,3.44
180,Tete,MZ,2021-08-12 19:18:32,-16.1564,33.5867,66.29,48,0,4.61
181,Jiayuguan,CN,2021-08-12 19:18:32,39.8167,98.3,69.62,31,0,3.31
182,Sangar,RU,2021-08-12 19:18:33,63.9242,127.4739,55.62,77,10,4.65
183,Araguari,BR,2021-08-12 19:18:34,-18.6472,-48.1872,84.49,18,7,4.38
184,Sitka,US,2021-08-12 19:18:34,57.0531,-135.33,62.49,88,75,0.0
185,Oum Hadjer,TD,2021-08-12 19:18:35,13.2954,19.6966,81.88,68,99,7.2
186,Aksarka,RU,2021-08-12 19:18:35,66.5606,67.7975,57.42,67,96,6.4
187,Tabuk,PH,2021-08-12 19:18:35,17.4189,121.4443,75.18,87,100,2.55
188,Los Llanos De Aridane,ES,2021-08-12 19:18:37,28.6585,-17.9182,71.35,84,40,13.8
189,Phalaborwa,ZA,2021-08-12 19:18:37,-23.943,31.1411,76.28,25,0,4.99
190,Atambua,ID,2021-08-12 19:18:38,-9.1061,124.8925,70.07,85,89,5.73
191,Ende,ID,2021-08-12 19:18:38,-8.8432,121.6623,77.77,88,60,3.06
192,Sungairaya,ID,2021-08-12 19:18:38,0.7,108.9,76.48,89,99,1.95
193,Aparecida Do Taboado,BR,2021-08-12 19:18:38,-20.0867,-51.0936,88.43,22,0,4.25
194,San Patricio,US,2021-08-12 19:18:39,28.017,-97.5169,96.89,47,8,14.14
195,Tilichiki,RU,2021-08-12 19:18:39,60.4667,166.1,55.63,74,61,0.22
196,Leshukonskoye,RU,2021-08-12 19:18:40,64.8989,45.7622,61.92,100,100,3.22
197,Hobart,AU,2021-08-12 19:15:04,-42.8794,147.3294,51.66,69,51,1.99
198,Half Moon Bay,US,2021-08-12 19:16:57,37.4636,-122.4286,91.15,67,40,6.91
199,Hasaki,JP,2021-08-12 19:18:40,35.7333,140.8333,72.0,91,100,9.55
200,Pisco,PE,2021-08-12 19:18:40,-13.7,-76.2167,66.25,68,0,16.11
201,Komsomolskiy,UZ,2021-08-12 19:18:41,40.4272,71.7189,83.12,18,10,4.61
202,Tacna,PE,2021-08-12 19:18:41,-18.0056,-70.2483,59.2,67,40,9.22
203,Bandarbeyla,SO,2021-08-12 19:18:41,9.4942,50.8122,75.47,86,47,28.57
204,Balkhash,KZ,2021-08-12 19:18:42,46.844,74.9804,66.94,60,1,5.55
205,Mount Isa,AU,2021-08-12 19:18:42,-20.7333,139.5,62.37,39,1,9.22
206,Dzilam Gonzalez,MX,2021-08-12 19:18:42,21.2833,-88.9333,92.21,49,23,9.26
207,Port Victoria,KE,2021-08-12 19:18:43,0.0939,33.9756,70.11,78,83,5.53
208,Dikson,RU,2021-08-12 19:18:43,73.5069,80.5464,45.32,96,77,13.29
209,Port Keats,AU,2021-08-12 19:18:43,-14.25,129.55,72.01,75,12,5.68
210,Upernavik,GL,2021-08-12 19:18:44,72.7868,-56.1549,42.35,91,100,1.9
211,Uvat,RU,2021-08-12 19:18:44,59.1433,68.8953,51.4,79,34,2.68
212,Treinta Y Tres,UY,2021-08-12 19:18:44,-33.2333,-54.3833,54.63,55,1,4.36
213,Husavik,IS,2021-08-12 19:18:45,66.0449,-17.3389,55.31,86,81,4.14
214,Evensk,RU,2021-08-12 19:18:45,61.95,159.2333,47.98,94,100,2.75
215,Yekaterinovka,RU,2021-08-12 19:18:45,52.0508,44.3451,84.56,27,28,17.52
216,Qaqortoq,GL,2021-08-12 19:18:46,60.7167,-46.0333,64.9,72,47,3.78
217,Lubao,PH,2021-08-12 19:18:46,14.9167,120.55,83.14,85,100,1.16
218,El Congo,SV,2021-08-12 19:18:46,13.9089,-89.4958,83.93,50,24,2.33
219,Touros,BR,2021-08-12 19:18:47,-5.1989,-35.4608,81.5,68,46,16.26
220,Constitucion,CL,2021-08-12 19:18:47,-35.3333,-72.4167,54.86,69,4,6.96
221,Geraldton,AU,2021-08-12 19:18:47,-28.7667,114.6,43.21,87,5,5.75
222,Muros,ES,2021-08-12 19:16:53,42.7762,-9.0603,75.15,70,8,10.67
223,Novyy Urengoy,RU,2021-08-12 19:18:48,66.0833,76.6333,60.55,57,100,9.46
224,Namibe,AO,2021-08-12 19:18:48,-15.1961,12.1522,63.91,81,0,9.01
225,Qaanaaq,GL,2021-08-12 19:18:48,77.484,-69.3632,41.38,76,48,1.48
226,Abdulino,RU,2021-08-12 19:18:49,53.7,53.6667,62.98,35,0,4.29
227,Saint Anthony,US,2021-08-12 19:18:49,45.0205,-93.218,83.14,36,1,3.0
228,Key West,US,2021-08-12 19:14:23,24.5557,-81.7826,89.6,60,20,9.22
229,San Quintin,MX,2021-08-12 19:18:49,30.4833,-115.95,81.55,52,0,10.49
230,Ust-Maya,RU,2021-08-12 19:18:50,60.4167,134.5333,60.93,69,18,2.15
231,Kirkwall,GB,2021-08-12 19:14:23,58.9848,-2.9587,61.14,84,98,14.97
232,Grindavik,IS,2021-08-12 19:18:50,63.8424,-22.4338,60.57,82,0,18.41
233,Manokwari,ID,2021-08-12 19:18:50,-0.8667,134.0833,77.67,80,64,2.77
234,Barcelos,PT,2021-08-12 19:18:51,41.5388,-8.6151,84.29,72,2,6.82
235,Talaya,RU,2021-08-12 19:18:51,61.3833,152.75,58.19,81,36,5.17
236,Kokoda,PG,2021-08-12 19:18:51,-8.8785,147.7407,71.28,94,97,1.54
237,Tiksi,RU,2021-08-12 19:18:52,71.6872,128.8694,47.32,74,36,12.28
238,Sinnamary,GF,2021-08-12 19:18:52,5.3833,-52.95,80.46,81,86,10.22
239,Acarau,BR,2021-08-12 19:18:52,-2.8856,-40.12,83.62,70,11,21.52
240,Pangnirtung,CA,2021-08-12 19:18:53,66.1451,-65.7125,53.6,87,90,6.91
241,East London,ZA,2021-08-12 19:18:53,-33.0153,27.9116,55.71,71,100,11.97
242,Caibarien,CU,2021-08-12 19:18:53,22.5206,-79.4669,92.52,73,27,13.44
243,Olafsvik,IS,2021-08-12 19:18:54,64.8945,-23.7142,55.54,83,19,10.11
244,Kangaatsiaq,GL,2021-08-12 19:18:54,68.3065,-53.4641,45.66,80,100,8.66
245,Vetluga,RU,2021-08-12 19:18:54,57.8557,45.781,72.37,43,69,11.86
246,Vila Velha,BR,2021-08-12 19:18:54,-20.3297,-40.2925,75.15,73,0,13.8
247,San Jose,US,2021-08-12 19:18:55,37.3394,-121.895,93.09,49,20,5.75
248,San Luis Obispo,US,2021-08-12 19:18:36,35.3666,-120.5343,94.93,44,1,3.44
249,Torbat-E Jam,IR,2021-08-12 19:18:55,35.244,60.6225,78.96,18,0,11.14
250,Norman Wells,CA,2021-08-12 19:18:56,65.282,-126.8329,62.64,63,75,13.8
251,Cedral,MX,2021-08-12 19:18:56,23.8,-100.7333,79.86,29,4,7.85
252,Meulaboh,ID,2021-08-12 19:18:56,4.1363,96.1285,75.92,89,93,5.57
253,Ayan,RU,2021-08-12 19:18:57,56.45,138.1667,63.32,70,7,2.91
254,Gornoye Loo,RU,2021-08-12 19:18:57,43.7129,39.6049,74.98,89,29,9.31
255,Nguruka,TZ,2021-08-12 19:18:57,-5.1092,31.0419,74.75,40,0,4.68
256,Nyon,CH,2021-08-12 19:18:58,46.3832,6.2396,79.99,75,40,12.66
257,Xiaolan,CN,2021-08-12 19:18:58,22.6731,113.2295,82.35,95,100,5.32
258,Vila,PT,2021-08-12 19:18:58,42.0304,-8.1588,73.71,49,2,3.76
259,Adrar,MR,2021-08-12 19:18:59,20.5022,-10.0711,102.97,11,96,10.16
260,Esperance,AU,2021-08-12 19:18:59,-33.8667,121.9,49.82,82,5,9.51
261,Alghero,IT,2021-08-12 19:18:59,40.5589,8.3181,82.49,74,0,4.61
262,Camacari,BR,2021-08-12 19:19:00,-12.6975,-38.3242,76.77,72,15,7.92
263,Saldanha,ZA,2021-08-12 19:19:00,-33.0117,17.9442,54.39,64,1,25.7
264,Lanigan,CA,2021-08-12 19:19:00,51.8501,-105.0344,62.89,30,24,19.1
265,Kieta,PG,2021-08-12 19:19:00,-6.2167,155.6333,77.4,87,88,5.61
266,Mmabatho,ZA,2021-08-12 19:19:01,-25.85,25.6333,57.16,24,7,8.05
267,Kavieng,PG,2021-08-12 19:19:01,-2.5744,150.7967,78.49,82,100,4.61
268,Vytegra,RU,2021-08-12 19:19:02,61.0064,36.4481,62.33,98,100,3.29
269,Tazovskiy,RU,2021-08-12 19:19:02,67.4667,78.7,52.02,78,100,8.93
270,Maniitsoq,GL,2021-08-12 19:18:08,65.4167,-52.9,50.47,70,16,6.53
271,Suntar,RU,2021-08-12 19:19:03,62.1444,117.6319,64.56,73,93,0.54
272,Bambous Virieux,MU,2021-08-12 19:19:04,-20.3428,57.7575,71.85,83,40,11.5
273,La Macarena,CO,2021-08-12 19:16:09,2.1837,-73.7849,86.09,57,97,2.37
274,Berdigestyakh,RU,2021-08-12 19:19:05,62.0989,126.6992,58.21,88,3,1.9
275,Marin,US,2021-08-12 19:19:05,38.0666,-122.7344,86.67,43,1,14.97
276,Camocim,BR,2021-08-12 19:19:05,-2.9022,-40.8411,85.84,65,51,19.89
277,Port Hardy,CA,2021-08-12 19:17:38,50.6996,-127.4199,64.58,72,20,4.61
278,Mason City,US,2021-08-12 19:19:06,43.1536,-93.201,86.09,51,1,14.97
279,Leh,IN,2021-08-12 19:19:06,34.1667,77.5833,66.04,28,25,5.28
280,Villa Carlos Paz,AR,2021-08-12 19:19:06,-31.4241,-64.4978,56.48,34,34,8.01
281,Srednekolymsk,RU,2021-08-12 19:19:07,67.45,153.6833,60.58,66,100,5.21
282,Alofi,NU,2021-08-12 19:19:07,-19.0595,-169.9187,66.09,94,100,6.91
283,Bam,IR,2021-08-12 19:19:08,29.106,58.357,90.46,6,3,9.55
284,Airai,TL,2021-08-12 19:19:08,-8.9266,125.4092,56.77,68,34,3.4
285,Phek,IN,2021-08-12 19:19:08,25.6667,94.5,63.0,100,100,1.77
286,Emerald,AU,2021-08-12 19:19:08,-23.5333,148.1667,59.9,83,99,3.91
287,Luhyny,UA,2021-08-12 19:19:09,51.082,28.4006,58.84,77,0,6.91
288,Naze,JP,2021-08-12 19:19:09,28.3667,129.4833,78.31,86,99,18.61
289,Kyaikto,MM,2021-08-12 19:19:09,17.3,97.0167,79.25,89,100,4.14
290,Pevek,RU,2021-08-12 19:19:10,69.7008,170.3133,42.96,64,100,10.83
291,Strezhevoy,RU,2021-08-12 19:19:11,60.7333,77.5889,49.98,80,0,6.49
292,Aleksandrov Gay,RU,2021-08-12 19:19:11,50.147,48.5704,84.85,24,95,20.6
293,Myitkyina,MM,2021-08-12 19:19:11,25.3833,97.4,75.63,99,100,1.23
294,Aklavik,CA,2021-08-12 19:19:12,68.2191,-135.0107,63.32,87,90,8.05
295,Pahrump,US,2021-08-12 19:19:04,36.2083,-115.9839,98.44,23,0,3.0
296,Marzuq,YE,2021-08-12 19:19:12,14.4,46.4667,82.8,38,99,6.04
297,Pskov,RU,2021-08-12 19:19:12,57.8136,28.3496,62.51,82,0,4.47
298,Novo Aripuana,BR,2021-08-12 19:19:13,-5.1206,-60.3797,102.88,19,71,4.41
299,Filingue,NE,2021-08-12 19:19:13,14.3521,3.3168,87.73,54,100,6.17
300,Raudeberg,NO,2021-08-12 19:19:13,61.9875,5.1352,63.19,93,100,2.62
301,Djambala,CG,2021-08-12 19:19:14,-2.5447,14.7533,75.13,57,21,5.68
302,Noumea,NC,2021-08-12 19:18:02,-22.2763,166.4572,58.98,78,0,8.97
303,Marsh Harbour,BS,2021-08-12 19:19:14,26.5412,-77.0636,84.0,75,10,17.11
304,Kati,ML,2021-08-12 19:19:15,12.7441,-8.0726,74.61,73,100,4.43
305,Harper,LR,2021-08-12 19:19:15,4.375,-7.7169,76.93,81,100,13.13
306,Shkoder,AL,2021-08-12 19:17:33,42.0683,19.5126,86.18,31,0,5.44
307,Rapid Valley,US,2021-08-12 19:14:16,44.0625,-103.1463,83.8,29,1,14.0
308,Nantucket,US,2021-08-12 19:14:21,41.2835,-70.0995,88.97,80,1,16.11
309,Sete,FR,2021-08-12 19:19:16,43.4018,3.6966,78.66,68,5,3.22
310,Namatanai,PG,2021-08-12 19:19:16,-3.6667,152.4333,78.3,84,100,9.33
311,Chicama,PE,2021-08-12 19:19:16,-7.8447,-79.1469,74.32,55,6,10.65
312,Santa Isabel Do Rio Negro,BR,2021-08-12 19:19:16,-0.4139,-65.0192,83.79,72,100,3.27
313,Simiti,CO,2021-08-12 19:19:17,7.9579,-73.9436,91.18,57,42,2.33
314,Takoradi,GH,2021-08-12 19:19:32,4.8845,-1.7554,76.84,82,31,10.09
315,Hovd,MN,2021-08-12 19:19:32,48.0056,91.6419,65.68,42,4,1.01
316,Lubango,AO,2021-08-12 19:19:33,-14.9172,13.4925,60.94,44,0,4.32
317,Martil,MA,2021-08-12 19:15:59,35.6166,-5.2752,84.27,88,40,5.75
318,Shaping,CN,2021-08-12 19:19:33,22.7545,112.9565,80.89,87,99,3.62
319,Prince Rupert,CA,2021-08-12 19:19:34,54.3161,-130.3201,66.29,79,1,8.05
320,Soe,ID,2021-08-12 19:19:34,-9.8607,124.284,64.56,91,27,5.39
321,Vostok,RU,2021-08-12 19:19:34,46.4856,135.8833,50.13,81,13,3.56
322,Maceio,BR,2021-08-12 19:19:34,-9.6658,-35.7353,80.04,65,20,9.22
323,Cabedelo,BR,2021-08-12 19:16:57,-6.9811,-34.8339,81.27,75,26,13.85
324,Marawi,PH,2021-08-12 19:19:35,7.9986,124.2928,67.64,93,100,2.64
325,Lardos,GR,2021-08-12 19:17:20,36.0942,28.0157,87.62,62,0,7.34
326,Ginir,ET,2021-08-12 19:19:35,7.1333,40.7,65.52,62,66,6.96
327,Lampazos De Naranjo,MX,2021-08-12 19:19:36,27.0167,-100.5167,96.13,30,0,9.15
328,Kazerun,IR,2021-08-12 19:19:36,29.6195,51.6541,90.81,25,6,2.73
329,Eureka,US,2021-08-12 19:15:09,40.8021,-124.1637,83.68,75,67,5.99
330,Yilan,TW,2021-08-12 19:19:36,24.757,121.753,83.08,92,100,1.74
331,Tura,IN,2021-08-12 19:19:37,25.5198,90.2201,75.15,98,100,7.31
332,Barinas,VE,2021-08-12 19:18:24,8.6226,-70.2075,87.84,58,56,4.61
333,Dzheyrakh,RU,2021-08-12 19:19:37,42.8228,44.6756,63.79,70,100,9.37
334,Barra Patuca,HN,2021-08-12 19:19:37,15.8,-84.2833,85.6,65,18,5.32
335,Leningradskiy,RU,2021-08-12 19:19:38,69.3833,178.4167,43.61,68,100,6.06
336,Inta,RU,2021-08-12 19:19:38,66.0317,60.1659,59.4,90,100,16.26
337,Saint George,US,2021-08-12 19:19:38,37.1041,-113.5841,100.54,32,1,1.99
338,Vao,NC,2021-08-12 19:19:39,-22.6667,167.4833,67.12,69,49,19.13
339,Sirawai,PH,2021-08-12 19:19:39,7.5854,122.1407,78.44,86,94,1.23
340,Chipata,ZM,2021-08-12 19:19:39,-13.6333,32.65,65.97,42,0,6.89
341,Te Anau,NZ,2021-08-12 19:19:40,-45.4167,167.7167,38.44,93,81,0.07
342,Andapa,MG,2021-08-12 19:19:40,-14.65,49.65,62.29,97,57,1.1
343,Clonakilty,IE,2021-08-12 19:19:40,51.6231,-8.8706,60.01,80,3,16.84
344,Conceicao Do Araguaia,BR,2021-08-12 19:19:41,-8.2578,-49.2647,98.73,25,0,6.91
345,Egvekinot,RU,2021-08-12 19:19:41,66.3167,-179.1667,40.42,79,61,3.11
346,Quatre Cocos,MU,2021-08-12 19:19:41,-20.2078,57.7625,72.09,83,15,13.44
347,Lodja,CD,2021-08-12 19:19:42,-3.4833,23.4333,75.65,71,54,2.95
348,Great Yarmouth,GB,2021-08-12 19:19:42,52.6083,1.7305,69.57,75,94,9.17
349,Kavaratti,IN,2021-08-12 19:19:42,10.5669,72.642,81.93,78,100,16.26
350,Quchan,IR,2021-08-12 19:19:42,37.106,58.5095,72.14,22,0,4.25
351,Koygorodok,RU,2021-08-12 19:19:43,60.445,50.9968,57.69,76,36,5.66
352,Palmer,US,2021-08-12 19:16:00,42.1584,-72.3287,96.03,50,20,1.99
353,Kemijarvi,FI,2021-08-12 19:19:43,66.7131,27.4306,56.03,84,9,4.23
354,Avera,US,2021-08-12 19:19:44,33.194,-82.5271,95.92,37,8,4.09
355,Clyde River,CA,2021-08-12 19:19:44,70.4692,-68.5914,39.43,93,90,5.75
356,Port Lincoln,AU,2021-08-12 19:19:44,-34.7333,135.8667,51.96,85,42,6.55
357,Labuan,MY,2021-08-12 19:19:45,5.2767,115.2417,77.36,94,20,0.0
358,Abha,SA,2021-08-12 19:19:45,18.2164,42.5053,67.82,88,20,0.0
359,Asau,RO,2021-08-12 19:19:45,46.4333,26.4,68.92,77,30,3.62
360,Balkanabat,TM,2021-08-12 19:19:46,39.5108,54.3671,95.58,18,82,7.23
361,Takapau,NZ,2021-08-12 19:19:46,-40.0333,176.35,51.73,77,100,5.21
362,Koslan,RU,2021-08-12 19:19:46,63.4564,48.8989,60.03,95,100,5.21
363,Pandan,PH,2021-08-12 19:19:47,14.0453,124.1694,79.48,83,30,3.2
364,Grenville,GD,2021-08-12 19:19:47,12.1167,-61.6167,87.85,77,38,16.31
365,Chanika,TZ,2021-08-12 19:19:47,-5.4167,38.0167,62.26,86,1,3.87
366,Camacha,PT,2021-08-12 19:19:47,33.0833,-16.3333,72.36,68,40,10.36
367,Tyrma,RU,2021-08-12 19:19:48,50.0833,132.1667,51.46,92,1,0.47
368,Usogorsk,RU,2021-08-12 19:19:48,63.4106,48.6872,60.49,94,100,5.46
369,Progreso,MX,2021-08-12 19:19:48,21.2833,-89.6667,89.71,60,8,15.05
370,Volksrust,ZA,2021-08-12 19:19:49,-27.3654,29.8818,51.8,43,81,0.49
371,Dana Point,US,2021-08-12 19:16:48,33.467,-117.6981,99.34,67,4,1.99
372,Bluefields,NI,2021-08-12 19:19:49,12.0137,-83.7635,82.18,78,100,7.94
373,Neuquen,AR,2021-08-12 19:19:15,-38.9516,-68.0591,60.69,33,0,10.36
374,Sur,OM,2021-08-12 19:19:50,22.5667,59.5289,88.84,56,99,12.21
375,Ust-Nera,RU,2021-08-12 19:19:50,64.5667,143.2,60.22,95,81,3.33
376,Hualmay,PE,2021-08-12 19:19:50,-11.0964,-77.6139,67.71,66,6,10.8
377,Anadyr,RU,2021-08-12 19:19:51,64.75,177.4833,45.1,81,40,6.71
378,Awbari,LY,2021-08-12 19:19:51,26.5921,12.7805,95.85,10,0,6.02
379,Taltal,CL,2021-08-12 19:19:51,-25.4,-70.4833,60.48,70,0,7.36
380,San Rafael,AR,2021-08-12 19:17:34,-34.6177,-68.3301,58.1,27,0,8.99
381,Pangai,TO,2021-08-12 19:19:52,-19.8,-174.35,68.11,83,75,4.61
382,Itupiranga,BR,2021-08-12 19:20:07,-5.1347,-49.3267,92.59,42,96,5.5
383,Jaisalmer,IN,2021-08-12 19:20:07,26.9147,70.9181,86.13,55,63,23.73
384,Bud,US,2021-08-12 19:20:08,39.447,-86.1758,93.42,62,12,11.5
385,Jumla,NP,2021-08-12 19:20:08,29.2747,82.1838,63.37,97,100,0.87
386,Rocha,UY,2021-08-12 19:16:26,-34.4833,-54.3333,53.44,66,14,5.84
387,Ostrovnoy,RU,2021-08-12 19:20:08,68.0531,39.5131,63.28,68,100,9.06
388,Isangel,VU,2021-08-12 19:20:09,-19.55,169.2667,64.51,88,40,4.61
389,Peleduy,RU,2021-08-12 19:20:09,59.6289,112.7406,63.21,86,95,1.07
390,Dubovyy Umet,RU,2021-08-12 19:20:09,52.9763,50.2857,75.09,33,0,10.0
391,Waitati,NZ,2021-08-12 19:20:10,-45.75,170.5667,47.8,71,12,4.85
392,Saskylakh,RU,2021-08-12 19:20:10,71.9167,114.0833,45.16,83,100,12.3
393,Huarmey,PE,2021-08-12 19:20:10,-10.0681,-78.1522,69.58,64,8,10.94
394,Zyryanka,RU,2021-08-12 19:20:11,65.75,150.85,65.8,46,100,7.52
395,Veraval,IN,2021-08-12 19:20:11,20.9,70.3667,81.57,81,100,12.64
396,Udachnyy,RU,2021-08-12 19:20:11,66.4167,112.4,61.47,54,100,4.74
397,Luba,GQ,2021-08-12 19:20:12,3.4568,8.5547,77.92,86,99,10.6
398,Hazorasp,UZ,2021-08-12 19:20:12,41.3194,61.0742,75.04,26,0,17.85
399,Petropavlovsk-Kamchatskiy,RU,2021-08-12 19:20:12,53.0452,158.6483,43.39,100,90,6.71
400,Mount Gambier,AU,2021-08-12 19:20:13,-37.8333,140.7667,47.91,96,44,7.7
401,Ahipara,NZ,2021-08-12 19:20:13,-35.1667,173.1667,54.09,81,86,12.15
402,Achinsk,RU,2021-08-12 19:20:15,56.2694,90.4993,57.38,96,93,4.9
403,Kalmunai,LK,2021-08-12 19:20:15,7.4167,81.8167,81.73,78,100,0.56
404,Thunder Bay,CA,2021-08-12 19:20:15,48.4001,-89.3168,76.55,43,75,18.41
405,Filadelfia,US,2021-08-12 19:18:50,39.9523,-75.1638,98.38,56,20,1.01
406,Antalaha,MG,2021-08-12 19:20:16,-14.9003,50.2788,67.78,92,11,6.38
407,Quzhou,CN,2021-08-12 19:20:16,28.9594,118.8686,76.33,98,100,0.67
408,Almansa,ES,2021-08-12 19:20:16,38.8692,-1.0971,89.69,19,75,6.51
409,Bayangol,RU,2021-08-12 19:20:17,50.6977,103.4656,52.93,96,100,3.11
410,Boone,US,2021-08-12 19:20:17,39.0334,-92.3335,98.53,54,100,5.01
411,Pombas,CV,2021-08-12 19:20:17,17.1503,-25.0201,76.78,77,58,14.05
412,Kokopo,PG,2021-08-12 19:20:18,-4.352,152.2633,75.42,88,98,4.5
413,Beloha,MG,2021-08-12 19:20:18,-25.1667,45.05,64.09,84,0,5.3
414,Codrington,AU,2021-08-12 19:20:18,-38.2667,141.9667,46.83,96,17,12.41
415,Glyadyanskoye,RU,2021-08-12 19:20:19,54.9075,65.0883,53.6,66,62,6.98
416,Khani,GE,2021-08-12 19:20:19,41.9563,42.9566,63.97,95,56,4.12
417,Darhan,MN,2021-08-12 19:20:19,49.4867,105.9228,61.27,85,46,0.83
418,Biltine,TD,2021-08-12 19:20:20,14.5333,20.9167,85.57,56,57,7.92
419,Garden City,US,2021-08-12 19:20:20,42.3256,-83.331,90.19,64,75,12.66
420,Kropotkin,RU,2021-08-12 19:20:20,45.4375,40.5756,68.16,93,100,4.7
421,Aksay,RU,2021-08-12 19:20:21,47.26,39.87,73.62,63,100,5.48
422,Zhicheng,CN,2021-08-12 19:20:21,30.2956,111.5047,73.22,98,100,8.19
423,Alugan,PH,2021-08-12 19:20:21,12.2188,125.4808,80.2,82,86,5.21
424,Bonthe,SL,2021-08-12 19:20:22,7.5264,-12.505,78.15,84,100,11.61
425,Viedma,AR,2021-08-12 19:20:22,-40.8135,-62.9967,58.68,25,0,18.61
426,Waingapu,ID,2021-08-12 19:20:23,-9.6567,120.2641,76.59,86,98,8.37
427,Mehamn,NO,2021-08-12 19:20:23,71.0357,27.8492,51.98,89,100,8.63
428,Ugoofaaru,MV,2021-08-12 19:20:23,5.6667,73.0,82.49,72,100,18.19
429,Saint-Georges,GD,2021-08-12 19:20:24,12.0564,-61.7485,87.48,70,40,11.5
430,Hilton Head Island,US,2021-08-12 19:20:24,32.2163,-80.7526,91.45,69,40,4.61
431,Matagami,CA,2021-08-12 19:20:24,49.7502,-77.6328,80.71,41,40,10.36
432,Korla,CN,2021-08-12 19:20:25,41.7597,86.1469,82.89,28,0,5.59
433,Santa Catalina,PH,2021-08-12 19:20:25,9.3337,122.8637,78.76,81,100,2.57
434,Yarmouth,US,2021-08-12 19:20:26,41.7057,-70.2286,92.97,74,1,7.0
435,Najran,SA,2021-08-12 19:20:26,17.4924,44.1277,84.85,19,100,7.05
436,Kharan,PK,2021-08-12 19:20:26,28.5833,65.4167,93.6,8,12,1.99
437,Puerto Escondido,MX,2021-08-12 19:20:27,15.85,-97.0667,86.83,66,75,8.05
438,Aksu,CN,2021-08-12 19:20:27,41.1231,80.2644,75.51,38,92,7.52
439,Ponta Delgada,PT,2021-08-12 19:20:28,37.7333,-25.6667,75.92,83,20,11.5
440,Portland,US,2021-08-12 19:20:00,45.5234,-122.6762,97.61,40,75,1.01
441,Paamiut,GL,2021-08-12 19:20:43,61.994,-49.6678,43.14,88,100,6.69
442,Akhmim,EG,2021-08-12 19:20:43,26.5622,31.745,93.27,18,0,9.01
443,Champerico,GT,2021-08-12 19:20:44,14.3,-91.9167,92.77,70,100,5.84
444,Vanavara,RU,2021-08-12 19:20:44,60.34,102.2797,60.35,60,100,3.91
445,Torres,BR,2021-08-12 19:20:45,-29.3353,-49.7269,54.82,69,100,4.32
446,Novikovo,RU,2021-08-12 19:20:45,51.1537,37.8879,71.92,52,100,7.18
447,Lasa,IT,2021-08-12 19:20:45,46.6166,10.7002,75.11,80,42,2.1
448,Tevaitoa,PF,2021-08-12 19:20:46,-16.7833,-151.5,78.55,68,6,13.47
449,Coahuayana,MX,2021-08-12 19:20:46,18.7333,-103.6833,87.28,54,26,6.31
450,Batagay-Alyta,RU,2021-08-12 19:20:46,67.8006,130.4114,54.91,60,96,7.94
451,Ust-Uda,RU,2021-08-12 19:20:47,54.1742,103.0304,60.87,97,98,3.76
452,Mahibadhoo,MV,2021-08-12 19:20:47,3.7833,72.9667,83.16,70,100,17.16
453,Alice Town,BS,2021-08-12 19:20:48,25.7167,-79.3,84.34,74,7,18.05
454,Belaya Gora,RU,2021-08-12 19:20:48,68.5333,146.4167,57.72,91,100,3.2
455,Kitui,KE,2021-08-12 19:20:48,-1.367,38.0106,67.42,60,100,9.13
456,Irbil,IQ,2021-08-12 19:19:50,36.1926,44.0106,89.42,17,0,4.61
457,Honggang,CN,2021-08-12 19:20:49,46.4667,124.8667,61.12,95,100,6.02
458,Terney,RU,2021-08-12 19:20:49,45.0503,136.6092,55.81,66,15,4.74
459,Ribeira Brava,PT,2021-08-12 19:20:49,32.65,-17.0667,75.83,79,7,4.92
460,Price,US,2021-08-12 19:20:50,39.5994,-110.8107,90.66,11,1,8.97
461,Sohbatpur,PK,2021-08-12 19:20:50,28.5202,68.5434,94.15,43,80,12.48
462,Maragogi,BR,2021-08-12 19:20:25,-9.0122,-35.2225,77.34,74,12,8.28
463,Oriximina,BR,2021-08-12 19:20:50,-1.7656,-55.8661,94.73,36,73,5.66
464,Vardo,NO,2021-08-12 19:20:51,70.3705,31.1107,52.0,93,75,8.05
465,Havelock,US,2021-08-12 19:20:51,34.8791,-76.9013,93.97,74,0,4.0
466,Thoen,TH,2021-08-12 19:20:52,17.6129,99.2161,76.6,97,99,2.42
467,Tomakomai,JP,2021-08-12 19:20:52,42.6369,141.6033,57.15,100,20,1.14
468,Baza,ES,2021-08-12 19:20:52,37.4907,-2.7726,92.57,26,52,3.0
469,Hofn,IS,2021-08-12 19:20:53,64.2539,-15.2082,54.46,80,100,12.39
470,Port Blair,IN,2021-08-12 19:20:53,11.6667,92.75,81.48,79,100,15.7
471,Havre-Saint-Pierre,CA,2021-08-12 19:20:53,50.2334,-63.5986,68.36,94,90,10.36
472,Mikhaylovskoye,RU,2021-08-12 19:20:53,51.8239,79.7172,60.89,80,100,6.2
473,Mayumba,GA,2021-08-12 19:20:54,-3.432,10.6554,74.71,85,90,7.29
474,Svetlogorsk,BY,2021-08-12 19:20:54,52.6333,29.7333,58.93,79,0,7.47
475,Sibu,MY,2021-08-12 19:20:54,2.3,111.8167,75.51,100,40,2.3
476,Bamora,IN,2021-08-12 19:20:55,24.0552,78.0909,77.94,81,100,8.08
477,Bay Roberts,CA,2021-08-12 19:20:55,47.5999,-53.2648,65.66,83,98,1.99
478,Bilibino,RU,2021-08-12 19:20:55,68.0546,166.4372,56.88,56,100,1.77
479,Umm Lajj,SA,2021-08-12 19:20:56,25.0213,37.2685,89.58,52,0,7.31
480,Oranjemund,NA,2021-08-12 19:20:56,-28.55,16.4333,54.41,74,0,26.57
481,Tautira,PF,2021-08-12 19:20:56,-17.7333,-149.15,80.62,76,64,12.26
482,Tyup,KG,2021-08-12 19:20:57,42.7276,78.3648,55.81,82,54,3.42
483,Rudnogorsk,RU,2021-08-12 19:20:57,57.2639,103.7519,62.28,68,95,0.83
484,Oxapampa,PE,2021-08-12 19:20:57,-10.5775,-75.4017,70.77,59,68,4.92
485,Ermelo,ZA,2021-08-12 19:20:58,-26.5333,29.9833,54.14,43,89,4.74
486,Eyl,SO,2021-08-12 19:20:58,7.9803,49.8164,76.21,82,5,19.1
487,Talnakh,RU,2021-08-12 19:20:59,69.4865,88.3972,41.32,89,13,5.59
488,Chipurupalle,IN,2021-08-12 19:20:59,18.3,83.5667,78.71,90,100,4.43
489,Rawson,AR,2021-08-12 19:20:55,-43.3002,-65.1023,61.92,22,0,10.8
490,Eldorado,BR,2021-08-12 19:20:59,-23.7869,-54.2836,64.0,58,100,7.94
491,Kosa,RU,2021-08-12 19:21:00,59.9445,54.9977,54.88,79,100,5.61
492,Mamallapuram,IN,2021-08-12 19:21:00,12.6264,80.1722,86.05,68,100,7.0
493,Owasso,US,2021-08-12 19:21:00,36.2695,-95.8547,98.29,56,75,5.99
494,Lupiro,TZ,2021-08-12 19:21:01,-8.3833,36.6667,70.84,46,0,1.23
495,Kamaishi,JP,2021-08-12 19:21:01,39.2667,141.8833,66.69,95,100,9.28
496,Shalya,RU,2021-08-12 19:21:02,57.2471,58.7298,52.02,75,100,4.03
497,Turukhansk,RU,2021-08-12 19:21:02,65.8167,87.9833,41.79,89,6,8.59
498,Breytovo,RU,2021-08-12 19:21:02,58.2993,37.8617,63.95,98,100,7.18
499,Maldonado,UY,2021-08-12 19:21:03,-34.6667,-54.9167,51.19,62,3,5.03
500,Loandjili,CG,2021-08-12 19:21:03,-4.7561,11.8578,74.17,89,30,4.83
501,Porosozero,RU,2021-08-12 19:21:04,62.7191,32.727,59.5,90,100,0.74
502,Esmeraldas,BR,2021-08-12 19:21:04,-19.7625,-44.3139,78.91,23,6,4.47
503,Visconde Do Rio Branco,BR,2021-08-12 19:20:13,-21.0103,-42.8406,80.74,41,12,10.65
504,Kumher,IN,2021-08-12 19:21:05,27.3167,77.3667,85.44,68,100,9.08
505,Pampierstad,ZA,2021-08-12 19:21:05,-27.7832,24.6877,46.02,32,5,8.75
506,Lodwar,KE,2021-08-12 19:21:06,3.1191,35.5973,88.34,34,0,4.16
507,Katsuura,JP,2021-08-12 19:21:06,35.1333,140.3,75.31,92,100,8.55
508,Salinopolis,BR,2021-08-12 19:21:06,-0.6136,-47.3561,81.19,84,98,13.13
509,Kapit,MY,2021-08-12 19:21:07,2.0167,112.9333,72.86,100,100,1.48
510,Dingle,PH,2021-08-12 19:21:07,10.9995,122.6711,76.01,85,54,4.61
511,Ukiah,US,2021-08-12 19:20:06,39.1502,-123.2078,101.12,26,1,4.61
512,Tirlyanskiy,RU,2021-08-12 19:21:08,54.2109,58.5806,48.88,67,24,2.3
513,Ayagoz,KZ,2021-08-12 19:21:08,47.9714,80.4392,63.93,70,100,12.68
514,Upata,VE,2021-08-12 19:21:09,8.0086,-62.3989,80.91,80,85,2.53
515,Halkirk,CA,2021-08-12 19:21:09,52.2834,-112.1518,73.0,27,65,10.71
516,Saint-Pierre,RE,2021-08-12 19:16:33,-21.3393,55.4781,69.48,71,0,6.91
517,Tabou,CI,2021-08-12 19:21:09,4.423,-7.3528,76.64,83,100,13.0
518,Aleksandrovsk-Sakhalinskiy,RU,2021-08-12 19:21:10,50.8975,142.1561,53.28,88,7,7.36
519,Zapolyarnyy,RU,2021-08-12 19:21:10,69.4154,30.8136,52.88,94,99,6.8
520,Flinders,AU,2021-08-12 19:21:11,-34.5833,150.8552,50.2,78,0,1.01
521,Fuerte Olimpo,PY,2021-08-12 19:21:11,-21.0415,-57.8738,68.7,38,100,6.53
522,Aykhal,RU,2021-08-12 19:21:11,66.0,111.5,60.21,53,100,5.53
523,Kruisfontein,ZA,2021-08-12 19:21:12,-34.0033,24.7314,46.89,91,100,2.13
524,Quelimane,MZ,2021-08-12 19:21:12,-17.8786,36.8883,69.75,88,0,6.91
525,Westport,US,2021-08-12 19:21:13,41.1415,-73.3579,97.61,58,1,1.01
526,Henties Bay,NA,2021-08-12 19:21:13,-22.116,14.2845,56.86,87,13,8.43
527,Gerash,IR,2021-08-12 19:21:14,27.6652,54.1371,93.34,32,11,4.81
528,Jiblah,YE,2021-08-12 19:21:14,13.9216,44.1467,68.79,67,100,0.92
529,Pacific Grove,US,2021-08-12 19:21:14,36.6177,-121.9166,91.15,82,1,1.99
530,Plettenberg Bay,ZA,2021-08-12 19:21:15,-34.0527,23.3716,51.94,81,100,9.51
531,Olinda,BR,2021-08-12 19:21:15,-8.0089,-34.8553,78.53,73,40,10.36
532,Byron Bay,AU,2021-08-12 19:21:15,-28.65,153.6167,57.87,88,0,9.82
533,Douglas,US,2021-08-12 19:21:15,41.3,-96.167,88.66,60,1,8.05
534,Maumere,ID,2021-08-12 19:21:16,-8.6199,122.2111,78.26,77,6,2.82
535,Cadiz,ES,2021-08-12 19:21:16,36.5,-5.75,87.13,51,0,4.23
536,Daru,PG,2021-08-12 19:21:16,-9.0763,143.2092,76.53,91,37,14.0
537,Nouadhibou,MR,2021-08-12 19:21:17,20.931,-17.0347,75.18,69,5,20.71
538,Andrelandia,BR,2021-08-12 19:21:17,-21.7397,-44.3092,69.42,56,100,9.33
539,Lac Du Bonnet,CA,2021-08-12 19:21:18,50.2536,-96.0612,56.88,57,100,13.15
540,Wajima,JP,2021-08-12 19:21:18,37.4,136.9,73.45,90,100,3.06
541,Fort-Shevchenko,KZ,2021-08-12 19:21:18,44.5086,50.263,89.01,44,8,11.7
542,Banda Aceh,ID,2021-08-12 19:21:19,5.5577,95.3222,78.93,80,96,12.8
543,Morant Bay,JM,2021-08-12 19:21:19,17.8815,-76.4093,83.82,70,47,9.46
544,Kathmandu,NP,2021-08-12 19:20:39,27.7167,85.3167,71.82,100,75,4.61
545,Roebourne,AU,2021-08-12 19:21:19,-20.7833,117.1333,63.64,23,0,13.67
546,Loubomo,CG,2021-08-12 19:21:20,-4.1997,12.6739,73.11,78,83,5.41
547,Cap-Aux-Meules,CA,2021-08-12 19:21:20,47.3821,-61.8597,73.45,88,75,10.36
548,Draguignan,FR,2021-08-12 19:20:56,43.5333,6.4667,81.52,55,58,1.39
